{
  "RGB": {
    "accuracy": 0.99,
    "precision": 0.99,
    "recall": 0.99,
    "f1": 0.99,
    "roc_auc": 0.9975499999999999
  },
  "FFT": {
    "accuracy": 0.61,
    "precision": 0.6182795698924731,
    "recall": 0.575,
    "f1": 0.5958549222797928,
    "roc_auc": 0.6412249999999999
  },
  "Hybrid": {
    "accuracy": 0.995,
    "precision": 0.9900990099009901,
    "recall": 1.0,
    "f1": 0.9950248756218906,
    "roc_auc": 0.999825
  }
}