{
  "accuracy": 0.61,
  "precision": 0.6182795698924731,
  "recall": 0.575,
  "f1": 0.5958549222797928,
  "roc_auc": 0.6412249999999999
}