{
  "accuracy": 0.995,
  "precision": 0.9900990099009901,
  "recall": 1.0,
  "f1": 0.9950248756218906,
  "roc_auc": 0.999825
}