{
  "train_loss": [
    0.7273722191273939,
    0.6932742421164713,
    0.6806537556557601,
    0.6852089932662906,
    0.6741500009602014,
    0.6734412097205681,
    0.6696483717218551,
    0.6686521208784879
  ],
  "train_acc": [
    50.57142857142857,
    54.654761904761905,
    56.916666666666664,
    56.404761904761905,
    58.01190476190476,
    58.13095238095238,
    58.833333333333336,
    59.392857142857146
  ],
  "val_loss": [
    0.7040846713802271,
    0.6992833535922202,
    0.7603343108244109,
    0.6684479159221315,
    0.6619645174135241,
    0.7262645416092455,
    0.6535335287713168,
    0.8088873564674143
  ],
  "val_acc": [
    50.0,
    54.44444444444444,
    54.333333333333336,
    58.55555555555556,
    58.72222222222222,
    59.05555555555556,
    61.888888888888886,
    52.5
  ]
}