{
  "train_loss": [
    0.23970756741436242,
    0.07792924069891623,
    0.047007303026326205,
    0.03593107034681546,
    0.026206610534800667,
    0.018709813667687373,
    0.02099364150963028
  ],
  "train_acc": [
    89.66190476190476,
    97.23333333333333,
    98.32380952380953,
    98.73333333333333,
    99.15238095238095,
    99.31428571428572,
    99.27619047619048
  ],
  "val_loss": [
    0.08137846525415038,
    0.06640823313335605,
    0.06533180042260808,
    0.04120585761383483,
    0.08137557702616344,
    0.06568087507460901,
    0.04571455548346499
  ],
  "val_acc": [
    97.22222222222223,
    97.57777777777778,
    97.53333333333333,
    98.5111111111111,
    97.42222222222222,
    98.0,
    98.37777777777778
  ]
}