{
  "train_loss": [
    0.21878292203471178,
    0.07557256654141643,
    0.052115480253214934,
    0.035710163493240264,
    0.026420186654717025,
    0.025621889176381762,
    0.020216814583232375,
    0.021434831386108674
  ],
  "train_acc": [
    90.55714285714286,
    97.13333333333334,
    98.19047619047619,
    98.74285714285715,
    99.03333333333333,
    99.10952380952381,
    99.30952380952381,
    99.25238095238095
  ],
  "val_loss": [
    0.09047905340500123,
    0.06067425299250911,
    0.091251090711502,
    0.04514007671576832,
    0.0439841779033428,
    0.04519145262897418,
    0.05143642713726954,
    0.043745323037646104
  ],
  "val_acc": [
    96.46666666666667,
    97.71111111111111,
    96.37777777777778,
    98.06666666666666,
    98.4,
    98.31111111111112,
    97.93333333333334,
    98.22222222222223
  ]
}